Target Word,RNSB Score
she,0.9434603184818349
daughter,0.9576901810565199
mother,0.9821210406476815
female,0.9474127978911241
girl,0.9923252217927342
woman,0.9604405777104503
