Target Word,RNSB Score
he,inf
son,0.9771215657288748
father,0.9708099363473978
male,0.9698581754957705
boy,1.002977725986532
man,0.9571671419294177
