Target Word,SAME Score
she,0.01605651198351027
daughter,0.010564561350750956
mother,0.005344132678389624
female,0.015645490253949956
girl,0.002189274306224731
woman,0.011412378207598162
