Target Word,SAME Score
he,-0.0005276785880683199
son,0.005731088967065562
father,0.008669718127531922
male,0.008740530347919662
boy,-0.0008609152899502481
man,0.015438632153098486
